sn,date
169,2022-12-09
27,2022-12-09
124,2022-12-09
24,2022-12-09
11,2022-12-09
4,2022-12-09
22,2022-12-09
150,2022-12-09
87,2022-12-09
126,2022-12-09
92,2022-12-09
179,2022-12-09
64,2022-12-09
85,2022-12-09
86,2022-12-09
33,2022-12-09
78,2022-12-13
175,2022-12-13
187,2022-12-13
203,2022-12-13
223,2022-12-13
106,2022-12-16
155,2022-12-16
19,2022-12-19
224,2022-12-19
50,2022-12-19
60,2022-12-19
118,2022-12-21
199,2022-12-21
215,2022-12-21
35,2022-12-21
151,2022-12-21
119,2022-12-21
3,2022-12-21
162,2022-12-26
208,2022-12-26
201,2022-12-26
107,2022-12-26
95,2022-12-26
153,2022-12-26
103,2022-12-26
25,2022-12-26
113,2022-12-26
145,2022-12-26
225,2022-12-26
69,2022-12-26
65,2022-12-26
91,2022-12-28
13,2022-12-28
104,2022-12-28
121,2022-12-28
226,2022-12-28
132,2022-12-28
147,2022-12-28
204,2022-12-28
227,2022-12-28
32,2022-12-30
62,2022-12-30
127,2022-12-30
211,2022-12-30
140,2023-01-04
123,2023-01-04
66,2023-01-04
96,2023-01-04
173,2023-01-04
161,2023-01-04
151,2023-01-04
93,2023-01-04
15,2023-01-04
174,2023-01-04
9,2023-01-04
198,2023-01-04
6,2023-01-04
6,2023-01-09
140,2023-01-09
123,2023-01-09
161,2023-01-09
173,2023-01-09
96,2023-01-09
93,2023-01-09
115,2023-01-09
184,2023-01-09
195,2023-01-09
154,2023-01-09
34,2023-01-16
25,2023-01-16
128,2023-01-16
28,2023-01-16
68,2023-01-16
77,2023-01-16
45,2023-01-16
74,2023-01-16
116,2023-01-16
160,2023-01-20
66,2023-01-20
166,2023-01-20
171,2023-01-20
180,2023-01-23
146,2023-01-23
26,2023-01-23
117,2023-01-23
48,2023-01-23
131,2023-01-23
80,2023-01-23
102,2023-01-23
51,2023-01-23
220,2023-01-23
81,2023-01-23
128,2023-01-23
59,2023-01-23
44,2023-01-26
41,2023-01-26
212,2023-01-26
50,2023-01-26
76,2023-01-26
40,2023-01-26
38,2023-01-26
125,2023-01-26
37,2023-01-26
101,2023-01-26
43,2023-01-26
141,2023-01-26
217,2023-01-26
8,2023-01-26
176,2023-01-26
163,2023-01-26
30,2023-01-26
54,2023-01-30
14,2023-01-30
194,2023-01-30
122,2023-01-30
57,2023-01-30
5,2023-01-30
18,2023-01-30
191,2023-01-30
16,2023-01-30
105,2023-02-01
136,2023-02-01
189,2023-02-01
138,2023-02-01
67,2023-02-01
192,2023-02-01
165,2023-02-01
168,2023-02-01
36,2023-02-03
73,2023-02-03
218,2023-02-03
186,2023-02-03
89,2023-02-03
129,2023-02-03
75,2023-02-06
219,2023-02-06
137,2023-02-06
221,2023-02-06
20,2023-02-06
193,2023-02-06
222,2023-02-06
56,2023-02-08
1,2023-02-10
10,2023-02-10
88,2023-02-13
174,2023-02-13
209,2023-02-13
139,2023-02-13
83,2023-02-13
120,2023-02-13
207,2023-02-15
144,2023-02-15
108,2023-02-15
189,2023-02-17
110,2023-02-20
152,2023-02-20
158,2023-02-20
39,2023-02-24
94,2023-02-24
135,2023-02-24
172,2023-02-24
196,2023-02-24
29,2023-03-03
90,2023-03-03
156,2023-03-03
